{"inputs":[["1400000000000000000000000000000000000000000000000000000000000000","1300000000000000000000000000000000000000000000000000000000000000"]],"pretty_elements":{"rescaled_inputs":[["0.15625","0.1484375"]],"inputs":[["0x0000000000000000000000000000000000000000000000000000000000000014","0x0000000000000000000000000000000000000000000000000000000000000013"]],"processed_inputs":[],"processed_params":[],"processed_outputs":[],"rescaled_outputs":[["3.453125"]],"outputs":[["0x000000000000000000000000000000000000000000000000000000000000dd00"]]},"outputs":[["00dd000000000000000000000000000000000000000000000000000000000000"]],"processed_inputs":null,"processed_params":null,"processed_outputs":null,"max_lookup_inputs":0,"min_lookup_inputs":0,"max_range_size":0}